oa,epoch,time,trainAcc,testAcc,trainErr,testErr
GA,0,0.03427829999999865,8.333333333333332,8.823529411764707,2.4701804420027442,0.6465173611131046
GA,1,0.06211409999999873,100.0,100.0,0.1041438535044316,0.018689365779914206
GA,2,0.08981969999999961,100.0,100.0,0.036843956584865466,0.005933725150167336
GA,3,0.11851139999999916,100.0,100.0,0.1047365904233007,0.018839076338635664
GA,4,0.14638949999999973,100.0,100.0,0.1040088891148236,0.018682708380380105
GA,5,0.17516649999999956,100.0,100.0,0.008960483126651025,0.0015144320690109257
GA,6,0.20201020000000014,100.0,100.0,0.0006000212546272981,5.818255919584733e-05
GA,7,0.22874269999999974,100.0,100.0,0.0006792598509762553,6.812257588721362e-05
GA,8,0.25581940000000003,100.0,100.0,0.00036283760726896544,2.753214007434542e-05
GA,9,0.28282120000000077,100.0,100.0,0.000601843486042711,5.8511354572893876e-05
GA,10,0.309932400000001,100.0,100.0,0.0006075597216225973,5.916065388782457e-05
GA,11,0.33675610000000233,100.0,100.0,0.0001972525476393803,1.5632898163090253e-05
GA,12,0.3646089000000021,100.0,100.0,0.00020895228148639906,1.422706992264169e-05
GA,13,0.39216850000000036,100.0,100.0,0.00023121375694296078,2.3055635421828556e-05
GA,14,0.4183994000000002,100.0,100.0,7.274598734477916e-05,5.012134711032268e-06
GA,15,0.4453548000000005,100.0,100.0,5.1947889475638844e-05,2.7560996993666785e-06
GA,16,0.47211070000000177,100.0,100.0,1.572217840761755e-05,1.5702629820613347e-06
GA,17,0.4974019000000016,100.0,100.0,3.942180551031152e-06,3.371923994341077e-07
GA,18,0.5236169000000022,100.0,100.0,3.200161341029632e-06,3.461721966719666e-07
GA,19,0.5510933000000033,100.0,100.0,4.627476612557288e-05,2.721387001018387e-06
GA,20,0.5775598000000031,100.0,100.0,4.747336454821232e-06,3.378352496651073e-07
GA,21,0.6049032000000025,100.0,100.0,2.949632044599473e-06,2.3062210832628485e-07
GA,22,0.6312327000000035,100.0,100.0,3.942180551031152e-06,3.371923994341077e-07
GA,23,0.6585402000000027,100.0,100.0,1.6508028634735417e-06,1.239396754791097e-07
GA,24,0.6896173000000037,100.0,100.0,1.2609414861630818e-06,1.1152878399865585e-07
GA,25,0.7223480000000038,100.0,100.0,2.2509335132714023e-06,2.2768051451713828e-07
GA,26,0.7550193000000043,100.0,100.0,8.380615963461025e-07,1.1095683332195472e-07
GA,27,0.7875565000000044,100.0,100.0,7.066886118875628e-07,8.467561861424288e-08
GA,28,0.8190099000000046,100.0,100.0,7.793887658258297e-07,5.894911254697059e-08
GA,29,0.8515536000000044,100.0,100.0,1.4235531830300497e-06,1.781272726689354e-07
GA,30,0.884013300000003,100.0,100.0,1.137522595769497e-06,1.759184162558935e-07
GA,31,0.9165908000000034,100.0,100.0,8.635908988868292e-07,1.3011781470569993e-07
GA,32,0.9483959000000031,100.0,100.0,4.115753100616564e-07,3.956296034196778e-08
GA,33,0.9808303000000045,100.0,100.0,8.796076162637283e-07,1.021376252656292e-07
GA,34,1.0129221000000044,100.0,100.0,2.0238115055691925e-07,1.9657786864303136e-08
GA,35,1.0450317000000044,100.0,100.0,4.1063286828558647e-07,3.6626607446222216e-08
GA,36,1.0778767000000045,100.0,100.0,3.2032844020651967e-07,3.0538147708856796e-08
GA,37,1.1090624000000044,100.0,100.0,3.2958631220294776e-07,3.070503133472678e-08
GA,38,1.141936700000004,100.0,100.0,1.7995716108205224e-07,1.3810493367477475e-08
GA,39,1.1744772000000054,100.0,100.0,5.374818203738978e-08,3.0987098213417597e-09
GA,40,1.204535900000005,100.0,100.0,9.666520309963569e-08,5.9084306519280354e-09
GA,41,1.2363831000000047,100.0,100.0,8.690862510563311e-08,7.225484544890189e-09
GA,42,1.2685144000000061,100.0,100.0,3.3465608471209085e-08,1.6642350477356252e-09
GA,43,1.3015030000000074,100.0,100.0,6.882184485430934e-08,4.770393950355647e-09
GA,44,1.3330804000000072,100.0,100.0,4.963218310491545e-08,2.9774394568272847e-09
GA,45,1.3653154000000072,100.0,100.0,9.841425960011274e-08,7.509895586636403e-09
GA,46,1.3964373000000077,100.0,100.0,4.913182577680825e-08,2.017686724129143e-09
GA,47,1.4270535000000084,100.0,100.0,2.5233834604466166e-08,1.1251533474733648e-09
GA,48,1.4586697000000068,100.0,100.0,2.361620987200098e-08,1.1888927407111253e-09
GA,49,1.4898850000000063,100.0,100.0,2.7321951844653852e-08,1.1959271194580991e-09
GA,50,1.522805900000007,100.0,100.0,2.7929589272514958e-08,1.7136870041823794e-09
GA,51,1.5544694000000074,100.0,100.0,2.284790127022764e-08,1.016218272285373e-09
GA,52,1.5862026000000053,100.0,100.0,2.2471271785440285e-08,9.565749079707552e-10
GA,53,1.6177546000000032,100.0,100.0,1.9349473437592075e-08,9.087863960299203e-10
GA,54,1.6492848000000055,100.0,100.0,2.062949460314956e-08,1.200450212192663e-09
GA,55,1.6819537000000029,100.0,100.0,1.935901540267304e-08,9.095897670485925e-10
GA,56,1.7127465000000033,100.0,100.0,2.1714867590886085e-08,8.7315851626619e-10
GA,57,1.7429650000000034,100.0,100.0,2.1349852071765722e-08,8.696177027800918e-10
GA,58,1.7741381000000036,100.0,100.0,2.5793829389508085e-08,1.2822561802763232e-09
GA,59,1.805900000000003,100.0,100.0,2.2826743704062406e-08,1.4475320319959244e-09
GA,60,1.8372408000000018,100.0,100.0,2.5281411621016676e-08,1.2413300807618855e-09
GA,61,1.8686657000000029,100.0,100.0,2.4198885288952992e-08,1.0515089729650696e-09
GA,62,1.9003612000000043,100.0,100.0,1.800752010203538e-08,8.870791700935659e-10
GA,63,1.9321849000000046,100.0,100.0,2.0783721132520518e-08,9.856776020747548e-10
GA,64,1.9620438000000053,100.0,100.0,1.7946466712752593e-08,8.603821795799167e-10
GA,65,1.9938748000000057,100.0,100.0,2.4203238784646722e-08,1.0515089729650696e-09
GA,66,2.0246486000000044,100.0,100.0,2.2478663837462627e-08,1.3089918802047888e-09
GA,67,2.055676200000006,100.0,100.0,1.8816222899200488e-08,1.0307559289198627e-09
GA,68,2.0873286000000046,100.0,100.0,1.6805868153565203e-08,8.086490006917099e-10
GA,69,2.1186226000000072,100.0,100.0,2.0647896388822193e-08,1.0415553583560653e-09
GA,70,2.1489535000000064,100.0,100.0,1.922454364646807e-08,9.39562901184141e-10
GA,71,2.1803749000000057,100.0,100.0,1.3686038360712292e-08,4.556948670020201e-10
GA,72,2.2115115000000056,100.0,100.0,1.583137070197775e-08,7.247988330917019e-10
GA,73,2.2423463000000066,100.0,100.0,1.6556532826848824e-08,8.277252807899036e-10
GA,74,2.2741299000000073,100.0,100.0,1.2088738307110804e-08,4.307068754600543e-10
GA,75,2.306281900000007,100.0,100.0,1.637575085725026e-08,7.558549900172898e-10
GA,76,2.3375025000000083,100.0,100.0,1.550700503198887e-08,7.178405587966865e-10
GA,77,2.3696528000000097,100.0,100.0,1.564058109745223e-08,6.890744447750904e-10
GA,78,2.400335400000012,100.0,100.0,1.4876466450589711e-08,9.063214885204479e-10
GA,79,2.431569500000011,100.0,100.0,1.0186578272159051e-08,2.8455971365972755e-10
GA,80,2.462227900000011,100.0,100.0,1.6414636984603428e-08,8.321424434276545e-10
GA,81,2.4937353000000098,100.0,100.0,1.4434106013393925e-08,6.011377327973463e-10
GA,82,2.525369200000009,100.0,100.0,9.5553548703365e-09,3.2612170404233796e-10
GA,83,2.5571167000000106,100.0,100.0,6.1112992816411585e-09,2.394297350980078e-10
GA,84,2.587700200000013,100.0,100.0,6.776374968494434e-09,2.713705063952269e-10
GA,85,2.6193853000000136,100.0,100.0,5.450000882445919e-09,2.3825907969709494e-10
GA,86,2.6502705000000137,100.0,100.0,4.976506999805829e-09,1.5831145006713508e-10
GA,87,2.681459500000015,100.0,100.0,6.085286929299367e-09,2.3922615503641554e-10
GA,88,2.713679500000014,100.0,100.0,5.375861398082831e-09,1.901975645257587e-10
GA,89,2.7460136000000137,100.0,100.0,4.399301338122891e-09,1.411155062713985e-10
GA,90,2.7788349000000157,100.0,100.0,5.883699817620215e-09,2.1641358107842967e-10
GA,91,2.8099838000000172,100.0,100.0,4.317557961924418e-09,1.6658708734232748e-10
GA,92,2.8420596000000184,100.0,100.0,5.665588823674537e-09,2.1336116186950524e-10
GA,93,2.87441330000002,100.0,100.0,4.277488655768741e-09,1.3249041095460413e-10
GA,94,2.906452300000021,100.0,100.0,6.828090748462764e-09,2.0319764802549776e-10
GA,95,2.9387929000000224,100.0,100.0,4.053797722269969e-09,1.0934009446625333e-10
GA,96,2.9725096000000217,100.0,100.0,5.862927063063498e-09,2.416010971911192e-10
GA,97,3.0057025000000213,100.0,100.0,3.9141388249876555e-09,1.0630037039227861e-10
GA,98,3.0393416000000197,100.0,100.0,5.247778890945545e-09,2.0199729823574118e-10
GA,99,3.0728545000000214,100.0,100.0,3.6794555265462213e-09,1.1004478120651444e-10
GA,100,3.106987800000022,100.0,100.0,4.057732249644796e-09,1.0926294507733553e-10
GA,101,3.1376817000000212,100.0,100.0,4.0607276505321244e-09,1.0210646828063042e-10
GA,102,3.17042340000002,100.0,100.0,3.60016117927742e-09,1.0988649237727776e-10
GA,103,3.203056200000022,100.0,100.0,3.338893643300214e-09,1.0046330769114486e-10
GA,104,3.235271300000024,100.0,100.0,2.377802750267286e-09,7.254598007813857e-11
GA,105,3.2680164000000236,100.0,100.0,3.5017976652745564e-09,1.1285392877871964e-10
GA,106,3.29984920000002,100.0,100.0,5.493679512963364e-09,2.221580729542534e-10
GA,107,3.3334579000000186,100.0,100.0,4.146976876969438e-09,1.4435495444374924e-10
GA,108,3.3667735000000167,100.0,100.0,2.538292835502092e-09,7.600073261504705e-11
GA,109,3.399993300000018,100.0,100.0,2.228044597964018e-09,6.684925486566428e-11
GA,110,3.433575000000017,100.0,100.0,2.2653565871367487e-09,6.510588887506758e-11
GA,111,3.4663288000000154,100.0,100.0,2.2653565871367487e-09,6.510588887506758e-11
GA,112,3.4981290000000147,100.0,100.0,2.1761793751747316e-09,6.426524713227416e-11
GA,113,3.5312456000000143,100.0,100.0,2.2351545507043735e-09,7.645480729904437e-11
GA,114,3.564453900000016,100.0,100.0,2.277940863810496e-09,7.692534037851336e-11
GA,115,3.596281500000016,100.0,100.0,1.7839547123446862e-09,5.2187369746556516e-11
GA,116,3.6279664000000142,100.0,100.0,2.4679817734784816e-09,7.112033390223419e-11
GA,117,3.6602443000000147,100.0,100.0,1.058317460989344e-09,2.7712324920198363e-11
GA,118,3.6925294000000175,100.0,100.0,1.797237096208603e-09,4.994602291648175e-11
GA,119,3.725958600000018,100.0,100.0,1.5422542512447232e-09,4.546337412753489e-11
GA,120,3.756562700000016,100.0,100.0,1.5636814008401867e-09,4.3749066500718346e-11
GA,121,3.788705600000016,100.0,100.0,1.6207798966646831e-09,5.0426173651474165e-11
GA,122,3.821854400000019,100.0,100.0,1.1243718300507159e-09,3.028539685586497e-11
GA,123,3.8536011000000183,100.0,100.0,1.5918781744671376e-09,4.601449650032598e-11
GA,124,3.8846774000000206,100.0,100.0,6.978750875225483e-10,1.9465817403730088e-11
GA,125,3.918205800000022,100.0,100.0,7.22737012657599e-10,1.9757124635518104e-11
GA,126,3.94970490000002,100.0,100.0,1.1481082295615586e-09,3.1915737861362074e-11
GA,127,3.9810181000000195,100.0,100.0,9.004182288188822e-10,2.382877038438575e-11
GA,128,4.01191490000002,100.0,100.0,1.0446235446487628e-09,2.7438623302773586e-11
GA,129,4.04327130000002,100.0,100.0,1.0547502072333187e-09,2.7814658371206353e-11
GA,130,4.075484600000019,100.0,100.0,7.476802308717635e-10,1.9453994357092407e-11
GA,131,4.10690800000002,100.0,100.0,5.720032431511815e-10,1.6381222041330526e-11
GA,132,4.138424100000018,100.0,100.0,5.748757967758185e-10,1.6987392607550522e-11
GA,133,4.168621400000019,100.0,100.0,8.800226565380274e-10,2.2740547610886136e-11
GA,134,4.200424100000019,100.0,100.0,5.596932695432445e-10,1.5791062387814632e-11
GA,135,4.229625900000018,100.0,100.0,5.484714059454161e-10,1.6442126096217157e-11
GA,136,4.261638200000016,100.0,100.0,5.461474866036733e-10,1.529148615955153e-11
GA,137,4.293326500000015,100.0,100.0,4.889040962380997e-10,1.5417521900053086e-11
GA,138,4.325787900000014,100.0,100.0,5.595505709582549e-10,1.6701346417340568e-11
GA,139,4.3575323000000115,100.0,100.0,4.69240832165593e-10,1.4423926716913962e-11
GA,140,4.388331100000011,100.0,100.0,6.049333883141052e-10,1.7546800663057233e-11
GA,141,4.4204316000000095,100.0,100.0,5.343335884997072e-10,1.494367618758351e-11
GA,142,4.45221460000001,100.0,100.0,5.702303046065244e-10,1.8033756441176287e-11
GA,143,4.484285800000011,100.0,100.0,4.982036173105983e-10,1.6106356453347482e-11
GA,144,4.515841200000009,100.0,100.0,3.4350209733714157e-10,9.559212753511038e-12
GA,145,4.546282900000007,100.0,100.0,4.985838001178766e-10,1.3631132657797843e-11
GA,146,4.577217300000006,100.0,100.0,3.8615312416069527e-10,1.1583088120658701e-11
GA,147,4.6092779000000075,100.0,100.0,2.765286503078854e-10,9.123506826845782e-12
GA,148,4.640660200000008,100.0,100.0,4.3618965130141423e-10,1.4670425335313e-11
GA,149,4.673522300000007,100.0,100.0,3.813258832164917e-10,1.0751754026060701e-11
GA,150,4.704599200000006,100.0,100.0,3.474896392431781e-10,9.604229639656567e-12
GA,151,4.740669400000007,100.0,100.0,3.715994022354064e-10,1.1567815648968888e-11
GA,152,4.772069300000007,100.0,100.0,3.0173095828389237e-10,9.37360917852811e-12
GA,153,4.80436140000001,100.0,100.0,2.644183667396913e-10,9.066198509420025e-12
GA,154,4.836344900000009,100.0,100.0,2.7038286233558977e-10,8.92995178281823e-12
GA,155,4.869731100000012,100.0,100.0,3.784593850669578e-10,1.1337265258178016e-11
GA,156,4.9022486000000125,100.0,100.0,3.51565406317451e-10,1.0210015503206774e-11
GA,157,4.93466490000001,100.0,100.0,1.09946847995445e-10,3.0116058316044903e-12
GA,158,4.965726000000009,100.0,100.0,2.567504662304178e-10,8.65098854535226e-12
GA,159,4.99696240000001,100.0,100.0,2.8416563380402567e-10,9.24534661457324e-12
GA,160,5.0287089000000105,100.0,100.0,3.3664277134127525e-10,1.0196728343289904e-11
GA,161,5.06098340000001,100.0,100.0,2.784108431463771e-10,9.697829294977187e-12
GA,162,5.0933012000000115,100.0,100.0,2.628349928482361e-10,9.946857712404094e-12
GA,163,5.124507100000011,100.0,100.0,1.6180898088638052e-10,6.3734703795542534e-12
GA,164,5.155255400000014,100.0,100.0,2.499462060761581e-10,1.3243297002731476e-11
GA,165,5.188670000000014,100.0,100.0,1.8512028656395672e-10,7.587841217496976e-12
GA,166,5.221250600000014,100.0,100.0,9.057542166255644e-11,2.35527825173229e-12
GA,167,5.252490000000014,100.0,100.0,1.916015357044838e-10,7.566663567830861e-12
GA,168,5.2853705000000115,100.0,100.0,1.8768779527019457e-10,7.497296394228573e-12
GA,169,5.317559700000013,100.0,100.0,9.012199215411964e-11,2.3802413603323138e-12
GA,170,5.350569200000015,100.0,100.0,1.0994720902623793e-10,2.9827838145473343e-12
GA,171,5.383734500000015,100.0,100.0,9.11204652657845e-11,2.489142009299138e-12
GA,172,5.416337000000015,100.0,100.0,9.428708267862215e-11,2.842201712036532e-12
GA,173,5.447874000000015,100.0,100.0,9.009749179558212e-11,2.3798511572546434e-12
GA,174,5.480304500000015,100.0,100.0,9.710121469528539e-11,2.5727099827873237e-12
GA,175,5.512277600000013,100.0,100.0,8.978165827911425e-11,2.3354288768489147e-12
GA,176,5.544413500000013,100.0,100.0,9.384108215676701e-11,2.456833636729443e-12
GA,177,5.574953800000015,100.0,100.0,4.718609018918713e-11,1.1438515743090032e-12
GA,178,5.605626200000016,100.0,100.0,9.010775643593032e-11,2.358115724243458e-12
GA,179,5.638244300000016,100.0,100.0,8.819525046922523e-11,2.5533880148013424e-12
GA,180,5.671671700000013,100.0,100.0,7.964876032557127e-11,2.044045386382128e-12
GA,181,5.704665200000013,100.0,100.0,9.036309072619588e-11,2.8406074374226514e-12
GA,182,5.737960600000013,100.0,100.0,4.415407057473571e-11,1.1426804507904973e-12
GA,183,5.769155500000016,100.0,100.0,4.37544925028127e-11,1.0394706608496886e-12
GA,184,5.800612400000018,100.0,100.0,5.143081311601004e-11,1.2433888431912027e-12
GA,185,5.831524300000021,100.0,100.0,4.291981264565108e-11,9.568263938365787e-13
GA,186,5.863537800000023,100.0,100.0,4.3606623195527183e-11,1.0005603598882805e-12
GA,187,5.894947600000021,100.0,100.0,4.4407632186942115e-11,1.0088628201477242e-12
GA,188,5.926919400000022,100.0,100.0,9.823899112911372e-11,2.8301959610816994e-12
GA,189,5.957934900000021,100.0,100.0,4.2927247645404676e-11,9.949892834806773e-13
GA,190,5.989538800000021,100.0,100.0,4.460603845116799e-11,1.1771381586546655e-12
GA,191,6.020041800000021,100.0,100.0,4.274134930829394e-11,1.0231148161741077e-12
GA,192,6.050718300000023,100.0,100.0,3.634248553286075e-11,8.909418754801819e-13
GA,193,6.0816210000000215,100.0,100.0,4.305514950787567e-11,1.0936330338992099e-12
GA,194,6.112368800000022,100.0,100.0,4.213158451025192e-11,9.84021528855425e-13
GA,195,6.14325140000002,100.0,100.0,2.610828583198137e-11,6.445066350956939e-13
GA,196,6.173631100000021,100.0,100.0,4.2860998216539634e-11,1.2204374454991162e-12
GA,197,6.20338830000002,100.0,100.0,2.5568964343144586e-11,5.651624425915213e-13
GA,198,6.23537860000002,100.0,100.0,2.812226072492682e-11,6.245026509987353e-13
GA,199,6.26732570000002,100.0,100.0,2.8157329643932434e-11,6.15212469420877e-13
GA,200,6.296820500000019,100.0,100.0,2.9393732383224e-11,6.721068328302143e-13
GA,201,6.328642100000019,100.0,100.0,2.8170269680166434e-11,6.090282069965351e-13
GA,202,6.359713500000018,100.0,100.0,2.797633337190178e-11,6.644653703232815e-13
GA,203,6.391201600000018,100.0,100.0,2.83328383975314e-11,6.429506753890462e-13
GA,204,6.422886700000015,100.0,100.0,2.418570932134589e-11,5.46345897427985e-13
GA,205,6.454862700000012,100.0,100.0,2.681648998788502e-11,5.798331058926376e-13
GA,206,6.48677130000001,100.0,100.0,1.65252256513519e-11,4.251128673680238e-13
GA,207,6.51754370000001,100.0,100.0,2.9014179977813443e-11,6.999454628862314e-13
GA,208,6.549784100000009,100.0,100.0,2.8500029646158742e-11,6.563545028846962e-13
GA,209,6.580902000000011,100.0,100.0,2.301215621733987e-11,5.875112220260582e-13
GA,210,6.611484700000011,100.0,100.0,2.8426385824145295e-11,6.960602128547484e-13
GA,211,6.643276000000013,100.0,100.0,1.7579557840061652e-11,4.2978170615610903e-13
GA,212,6.6739865000000105,100.0,100.0,2.033996721205706e-11,5.110446021661878e-13
GA,213,6.708804900000009,100.0,100.0,2.0132815151170044e-11,5.458034693778402e-13
GA,214,6.74166650000001,100.0,100.0,1.9620658152471046e-11,5.274250390116116e-13
GA,215,6.774044300000012,100.0,100.0,2.0132727471594935e-11,5.458030032717517e-13
GA,216,6.8072707000000126,100.0,100.0,2.046961806766839e-11,5.888564928640165e-13
GA,217,6.839602100000013,100.0,100.0,1.3988431699634261e-11,4.2775505013150633e-13
GA,218,6.872422700000014,100.0,100.0,1.0453720323544863e-11,3.3694880370465465e-13
GA,219,6.904044300000015,100.0,100.0,1.2877402488704086e-11,4.209504007446792e-13
GA,220,6.936945400000015,100.0,100.0,1.2039421108670861e-11,3.9040133194293587e-13
GA,221,6.968869000000014,100.0,100.0,1.3798567678734964e-11,4.047372106274165e-13
GA,222,7.001803700000012,100.0,100.0,7.092063327443594e-12,2.644279942833434e-13
GA,223,7.033788100000011,100.0,100.0,7.102581367481091e-12,2.637778678525902e-13
GA,224,7.066470900000011,100.0,100.0,7.109302223117505e-12,2.666993647195682e-13
GA,225,7.098664300000012,100.0,100.0,1.1948708823108398e-11,3.912059900554843e-13
GA,226,7.131466700000013,100.0,100.0,6.43022632235338e-12,2.244112090782493e-13
GA,227,7.164086200000012,100.0,100.0,8.864760558265944e-12,3.1512051617951597e-13
GA,228,7.196841800000014,100.0,100.0,9.121072567692339e-12,3.4126336288095527e-13
GA,229,7.228430100000013,100.0,100.0,9.221659185455549e-12,2.7482399167387094e-13
GA,230,7.261113600000014,100.0,100.0,7.095550396996529e-12,2.589828254411441e-13
GA,231,7.294462300000015,100.0,100.0,7.583394540213164e-12,2.7891693310906963e-13
GA,232,7.326325300000013,100.0,100.0,6.9821675446545025e-12,2.397047957978134e-13
GA,233,7.36005090000001,100.0,100.0,7.35334206513591e-12,2.91974749678365e-13
GA,234,7.3933738000000115,100.0,100.0,7.262962302116524e-12,2.6666254872539455e-13
GA,235,7.425786200000013,100.0,100.0,6.787173623974705e-12,2.705694838258098e-13
GA,236,7.457067200000013,100.0,100.0,6.655462442645662e-12,2.2797000279829853e-13
GA,237,7.489117600000013,100.0,100.0,6.096861648739014e-12,2.3166187363512197e-13
GA,238,7.521481500000013,100.0,100.0,6.160244988988173e-12,2.3639294176639216e-13
GA,239,7.5539204000000115,100.0,100.0,6.102073212858381e-12,2.330850602981211e-13
GA,240,7.5866885000000135,100.0,100.0,5.912962336700708e-12,2.0363584645817895e-13
GA,241,7.6204050000000105,100.0,100.0,5.9789280362835545e-12,1.9515615058072393e-13
GA,242,7.654029100000011,100.0,100.0,6.332960020074376e-12,2.437413272766202e-13
GA,243,7.684988800000012,100.0,100.0,5.479514968819359e-12,2.0565736656319725e-13
GA,244,7.71758910000001,100.0,100.0,6.657446526951646e-12,2.2708242004351778e-13
GA,245,7.748695500000009,100.0,100.0,5.990066874962121e-12,2.1484345517426443e-13
GA,246,7.779112000000007,100.0,100.0,5.911220380881385e-12,2.0267104991180299e-13
GA,247,7.810265500000005,100.0,100.0,6.317795402056691e-12,2.7265339420009146e-13
GA,248,7.840433000000006,100.0,100.0,6.217965585862214e-12,2.391041503194167e-13
GA,249,7.871247400000007,100.0,100.0,6.155719859065303e-12,2.4301154008018885e-13
GA,250,7.901337500000009,100.0,100.0,5.89677138884875e-12,2.307596645698388e-13
GA,251,7.93308040000001,100.0,100.0,6.594720296701765e-12,2.4746966354312293e-13
GA,252,7.96395860000001,100.0,100.0,6.172678594904125e-12,2.1258228408206923e-13
GA,253,7.994923900000012,100.0,100.0,5.6770460562847164e-12,1.949904673224485e-13
GA,254,8.025346300000011,100.0,100.0,6.017541359155536e-12,2.5070083074328357e-13
GA,255,8.053719800000012,100.0,100.0,7.130981639080287e-12,2.6942929230866766e-13
GA,256,8.083685200000014,100.0,100.0,3.706040777252177e-12,1.415455412133343e-13
GA,257,8.114318100000014,100.0,100.0,3.4460183357250442e-12,1.1659440956002293e-13
GA,258,8.143845000000011,100.0,100.0,5.778913159687115e-12,1.9530707359819488e-13
GA,259,8.174541500000009,100.0,100.0,5.472760254564726e-12,1.6982750434507703e-13
GA,260,8.204627400000009,100.0,100.0,5.669491278090752e-12,1.9526275229950764e-13
GA,261,8.234690500000008,100.0,100.0,5.981894878315552e-12,2.126455092784385e-13
GA,262,8.264798800000007,100.0,100.0,3.616801665031589e-12,8.455881221257442e-14
GA,263,8.294434800000007,100.0,100.0,5.571763797564565e-12,1.6021869023356151e-13
GA,264,8.324796200000007,100.0,100.0,2.15816020761255e-12,5.94299103536435e-14
GA,265,8.355717200000006,100.0,100.0,2.2102725121582022e-12,6.62526770620803e-14
GA,266,8.386556100000009,100.0,100.0,2.2771933198286193e-12,6.18772188786451e-14
GA,267,8.41688530000001,100.0,100.0,3.344010180584404e-12,9.39341593170761e-14
GA,268,8.44805330000001,100.0,100.0,1.5853852710315809e-12,7.000080328904393e-14
GA,269,8.478924300000008,100.0,100.0,2.2306513141455905e-12,6.631536835264168e-14
GA,270,8.509821800000006,100.0,100.0,1.4669873647700478e-12,4.402769558923673e-14
GA,271,8.540167800000008,100.0,100.0,2.6732296090827473e-12,8.214116449879967e-14
GA,272,8.570142500000008,100.0,100.0,9.910421854348148e-13,2.5037354099802952e-14
GA,273,8.601016000000007,100.0,100.0,1.9089845799935896e-12,6.330385784789886e-14
GA,274,8.631029600000007,100.0,100.0,9.850158820362027e-13,2.3557923686986598e-14
GA,275,8.663362800000007,100.0,100.0,9.683708469121755e-13,2.0958810831742257e-14
GA,276,8.69515140000001,100.0,100.0,8.052465114983059e-13,3.1628302687588725e-14
GA,277,8.726044300000007,100.0,100.0,7.210964614023253e-13,2.511569291892547e-14
GA,278,8.757041800000005,100.0,100.0,7.960076221414073e-13,3.037044681283834e-14
GA,279,8.789995600000006,100.0,100.0,7.113061272592417e-13,1.8708842048756927e-14
GA,280,8.820943300000005,100.0,100.0,5.317841019494412e-13,1.2715640604098804e-14
GA,281,8.850908100000007,100.0,100.0,8.044518376426991e-13,2.2108433681369934e-14
GA,282,8.882484300000007,100.0,100.0,6.687082402836637e-13,1.9938921416032392e-14
GA,283,8.914931000000008,100.0,100.0,8.048739617046087e-13,3.1752919435876424e-14
GA,284,8.947064900000006,100.0,100.0,7.235976425909744e-13,2.0500477837863446e-14
GA,285,8.978348600000006,100.0,100.0,7.143283539489452e-13,2.088312362708892e-14
GA,286,9.009182300000004,100.0,100.0,5.833852455993853e-13,1.0930633635921375e-14
GA,287,9.039775900000008,100.0,100.0,6.609098391304888e-13,1.5162013588678198e-14
GA,288,9.071981200000009,100.0,100.0,5.821722190467616e-13,1.0432200340360417e-14
GA,289,9.102367400000007,100.0,100.0,6.523727965481771e-13,1.9280422950891e-14
GA,290,9.134252000000009,100.0,100.0,7.483502528423467e-13,2.0493386518272854e-14
GA,291,9.164143000000008,100.0,100.0,7.901141644454763e-13,2.968624725055833e-14
GA,292,9.19566340000001,100.0,100.0,5.097357227290935e-13,1.8831191511708495e-14
GA,293,9.22675530000001,100.0,100.0,6.116979351779119e-13,1.5918817793434817e-14
GA,294,9.257995400000008,100.0,100.0,6.990894645395895e-13,2.0300361431544825e-14
GA,295,9.288136700000008,100.0,100.0,7.785628792978023e-13,2.145893975001694e-14
GA,296,9.319637400000007,100.0,100.0,4.0540119081841203e-13,1.0946776652797775e-14
GA,297,9.352629900000005,100.0,100.0,3.091588329408275e-13,5.330272501029916e-15
GA,298,9.382348800000008,100.0,100.0,5.148955800765076e-13,9.404579845157361e-15
GA,299,9.412990700000007,100.0,100.0,5.557440956512058e-13,1.6771074863104038e-14
GA,300,9.445262100000006,100.0,100.0,4.508947163800033e-13,9.628137108320308e-15
GA,301,9.477356600000006,100.0,100.0,3.6640590093000375e-13,7.040293798596484e-15
GA,302,9.509640300000003,100.0,100.0,4.322358690021438e-13,7.948055026927314e-15
GA,303,9.540777800000003,100.0,100.0,3.1915268795742527e-13,9.368467440949909e-15
GA,304,9.573022200000002,100.0,100.0,3.238730041957694e-13,5.369352011919301e-15
GA,305,9.607105100000004,100.0,100.0,4.670212973138966e-13,9.177079659666025e-15
GA,306,9.638312700000002,100.0,100.0,4.1705192190779437e-13,1.1852019993125706e-14
GA,307,9.668763800000002,100.0,100.0,3.5249607648341617e-13,1.0532117386890071e-14
GA,308,9.700478700000003,100.0,100.0,3.4208745850784735e-13,7.11149709650904e-15
GA,309,9.733484400000004,100.0,100.0,2.9662954098239555e-13,7.782364879718504e-15
GA,310,9.765026800000003,100.0,100.0,2.0812486097551237e-13,3.1218503581816393e-15
GA,311,9.796350100000003,100.0,100.0,2.382019863453995e-13,4.2894411559520844e-15
GA,312,9.828224700000005,100.0,100.0,2.2081710989373757e-13,4.208122756806506e-15
GA,313,9.860725900000007,100.0,100.0,2.951908491078113e-13,4.6584581394327655e-15
GA,314,9.893432200000005,100.0,100.0,2.8331836892599425e-13,5.027240235927574e-15
GA,315,9.926493700000004,100.0,100.0,2.880885286198998e-13,4.967232597301931e-15
GA,316,9.958993000000005,100.0,100.0,2.566613328327106e-13,4.6250455437927475e-15
GA,317,9.992220700000006,100.0,100.0,3.08689780022347e-13,9.548741598575108e-15
GA,318,10.023821900000007,100.0,100.0,2.3964140119095846e-13,6.596987884804157e-15
GA,319,10.054831300000005,100.0,100.0,2.448345678482768e-13,7.05078740885532e-15
GA,320,10.087138400000006,100.0,100.0,2.807095565175889e-13,7.83830325137668e-15
GA,321,10.119109600000007,100.0,100.0,2.7128508632424964e-13,5.124274547920373e-15
GA,322,10.151400300000008,100.0,100.0,2.482016943983655e-13,4.8199442216108595e-15
GA,323,10.183358900000007,100.0,100.0,2.2323353172678846e-13,3.603410490478435e-15
GA,324,10.21402330000001,100.0,100.0,2.342803346935629e-13,4.5722695342870186e-15
GA,325,10.244803200000012,100.0,100.0,3.069978670831551e-13,9.381376512813455e-15
GA,326,10.276272600000011,100.0,100.0,2.2275379793210232e-13,4.082509575344448e-15
GA,327,10.30679500000001,100.0,100.0,1.9383037912069522e-13,3.3600537957268138e-15
GA,328,10.338212700000012,100.0,100.0,2.7593333701647035e-13,4.996164543176484e-15
GA,329,10.370862900000015,100.0,100.0,2.660782849992618e-13,5.253720928494008e-15
GA,330,10.402892600000017,100.0,100.0,1.7162019559397457e-13,3.254162261225259e-15
GA,331,10.433970400000016,100.0,100.0,1.95296638844748e-13,3.7000579447151755e-15
GA,332,10.464611300000014,100.0,100.0,2.3363417079059567e-13,4.3548271441421314e-15
GA,333,10.495863500000011,100.0,100.0,9.356788370585494e-14,1.7925182433626672e-15
GA,334,10.527517100000013,100.0,100.0,2.1028761501165917e-13,3.774952653398409e-15
GA,335,10.559107600000013,100.0,100.0,1.2405772758000375e-13,1.8987272186547236e-15
GA,336,10.589829400000015,100.0,100.0,1.0010575829172124e-13,1.6344364134801692e-15
GA,337,10.622849500000017,100.0,100.0,1.0275475392417716e-13,2.00671133104275e-15
GA,338,10.655403700000017,100.0,100.0,9.847436229916613e-14,1.7308659796584147e-15
GA,339,10.687754000000018,100.0,100.0,1.1092953138240435e-13,1.7576441944041086e-15
GA,340,10.719452300000016,100.0,100.0,1.1477625366078016e-13,1.972497368189028e-15
GA,341,10.751778400000015,100.0,100.0,9.977520681155336e-14,2.5262876937186583e-15
GA,342,10.781419400000013,100.0,100.0,7.80372520700292e-14,1.480548794969008e-15
GA,343,10.813422200000014,100.0,100.0,1.1225092681771385e-13,1.7575479759609479e-15
GA,344,10.845434900000013,100.0,100.0,7.724139354985097e-14,1.2631234092984109e-15
GA,345,10.877411600000015,100.0,100.0,9.711832043887305e-14,1.5403881989008502e-15
GA,346,10.908578200000013,100.0,100.0,6.99492319545879e-14,1.2064956078155006e-15
GA,347,10.941189400000011,100.0,100.0,6.943512644800721e-14,1.256185637134007e-15
GA,348,10.974014800000012,100.0,100.0,7.724139354985097e-14,1.2631234092984109e-15
GA,349,11.005759800000012,100.0,100.0,8.233370148659235e-14,1.4119078672938479e-15
GA,350,11.037312500000015,100.0,100.0,8.929045194488862e-14,1.4202530429486416e-15
GA,351,11.068709000000014,100.0,100.0,6.493655550196656e-14,1.0597992980980322e-15
GA,352,11.099438000000015,100.0,100.0,9.875765254224387e-14,2.4705306092489135e-15
GA,353,11.132524400000014,100.0,100.0,8.231021640633632e-14,1.3964240425331116e-15
GA,354,11.163575000000014,100.0,100.0,9.533148021460618e-14,1.84640355972662e-15
GA,355,11.195817500000013,100.0,100.0,8.316602889263256e-14,1.4238495155222687e-15
GA,356,11.228344200000015,100.0,100.0,7.019223704737492e-14,1.0297274074365164e-15
GA,357,11.260811500000015,100.0,100.0,6.750816682305198e-14,1.317492909071571e-15
GA,358,11.294040100000013,100.0,100.0,4.2285220345362766e-14,6.888957931146898e-16
GA,359,11.326089500000014,100.0,100.0,1.2610365055388605e-13,2.2849325548598918e-15
GA,360,11.357916800000014,100.0,100.0,6.96575163530544e-14,1.2261202236096629e-15
GA,361,11.390684300000016,100.0,100.0,6.882353731767605e-14,1.137692811268846e-15
GA,362,11.423766900000016,100.0,100.0,3.8690767855643065e-14,6.7461788070491525e-16
GA,363,11.455793200000018,100.0,100.0,4.3800451258248436e-14,7.384123501133517e-16
GA,364,11.487265600000017,100.0,100.0,3.176532464675612e-14,5.032604308959909e-16
GA,365,11.519584300000018,100.0,100.0,3.771269915419042e-14,6.749951500330643e-16
GA,366,11.549492800000019,100.0,100.0,4.4205522232813414e-14,9.425654968205485e-16
GA,367,11.581314300000022,100.0,100.0,3.808111846123486e-14,7.260963908702792e-16
GA,368,11.611007600000024,100.0,100.0,2.930420680058947e-14,4.760526477097946e-16
GA,369,11.642370100000024,100.0,100.0,3.544668310162199e-14,7.413225362774101e-16
GA,370,11.673618700000025,100.0,100.0,3.7328223092395285e-14,6.998872900880679e-16
GA,371,11.705846700000025,100.0,100.0,9.980060248899418e-15,1.0553830711901211e-16
GA,372,11.736405800000027,100.0,100.0,1.6029579962803238e-14,2.1815720676065578e-16
GA,373,11.768765400000026,100.0,100.0,9.8801744472576e-15,1.2881708197710118e-16
GA,374,11.800924300000029,100.0,100.0,2.036549037570013e-14,3.1402358868510654e-16
GA,375,11.834046500000026,100.0,100.0,1.1840580655438339e-14,1.3813099638618543e-16
GA,376,11.865902400000026,100.0,100.0,1.9968636934502288e-14,3.583720697222138e-16
GA,377,11.897914300000023,100.0,100.0,1.2398255714755307e-14,1.7492234198795254e-16
GA,378,11.929638000000024,100.0,100.0,5.5966682652706114e-15,5.566504376747682e-17
GA,379,11.960977800000025,100.0,100.0,5.521726111336194e-15,8.160430908095012e-17
GA,380,11.991888500000025,100.0,100.0,5.704600465336688e-15,5.628104619411597e-17
GA,381,12.022441100000025,100.0,100.0,3.2532494583841007e-15,3.01638992986196e-17
GA,382,12.054045200000028,100.0,100.0,5.651913830561672e-15,5.2496189882921515e-17
GA,383,12.084548600000028,100.0,100.0,2.6533584272326654e-15,3.196546210090525e-17
GA,384,12.116961300000026,100.0,100.0,3.1651327589329742e-15,3.4435979186417995e-17
GA,385,12.147617800000026,100.0,100.0,2.6533582879948407e-15,3.196546210090525e-17
GA,386,12.180258100000026,100.0,100.0,2.10194100428688e-15,2.6582970612698922e-17
GA,387,12.210401600000024,100.0,100.0,3.273159175178091e-15,3.5079829873908776e-17
GA,388,12.243134200000027,100.0,100.0,3.193736035146911e-15,3.611811989282811e-17
GA,389,12.273388700000028,100.0,100.0,3.2875132670332423e-15,3.904726051306415e-17
GA,390,12.305638800000027,100.0,100.0,2.8921378682831567e-15,3.7885054926583594e-17
GA,391,12.336779700000028,100.0,100.0,2.654990713103444e-15,3.2239714632885566e-17
GA,392,12.368501600000029,100.0,100.0,2.5437036578085373e-15,2.549007020235127e-17
GA,393,12.399952500000028,100.0,100.0,2.6538875081579387e-15,3.199881649560653e-17
GA,394,12.431099200000025,100.0,100.0,2.3510582618918146e-15,2.5057545667347094e-17
GA,395,12.463802300000024,100.0,100.0,3.38906728536714e-15,3.510164259522437e-17
GA,396,12.495866000000023,100.0,100.0,2.841306229792926e-15,3.3060922848521985e-17
GA,397,12.529259300000023,100.0,100.0,2.6491656733791322e-15,3.059142002644675e-17
GA,398,12.562195600000022,100.0,100.0,2.3268491484971783e-15,2.3986885284975786e-17
GA,399,12.594216100000024,100.0,100.0,2.6250445552923117e-15,3.1236206011056234e-17
GA,400,12.627823100000024,100.0,100.0,2.324933231627338e-15,2.527864963682057e-17
GA,401,12.658684800000026,100.0,100.0,2.5751251709574872e-15,3.065465390644143e-17
GA,402,12.689963700000026,100.0,100.0,2.2963876303397283e-15,2.599138703308076e-17
GA,403,12.723388100000028,100.0,100.0,2.0606047206207794e-15,2.6749455203808304e-17
GA,404,12.756272400000027,100.0,100.0,2.287673020674058e-15,2.2717724080797418e-17
GA,405,12.788611800000028,100.0,100.0,2.279839613256086e-15,2.434315255702887e-17
GA,406,12.82175990000003,100.0,100.0,2.4101781848479305e-15,2.3781678827215417e-17
GA,407,12.853736000000032,100.0,100.0,2.3201688137637447e-15,2.3882464034089482e-17
GA,408,12.886823300000033,100.0,100.0,1.4406403664447861e-15,1.4753129742743618e-17
GA,409,12.919006900000033,100.0,100.0,2.252137203483129e-15,2.8705999042906225e-17
GA,410,12.950464300000034,100.0,100.0,3.2188703971855866e-15,3.1369097544268977e-17
GA,411,12.982649500000031,100.0,100.0,4.2521593995082795e-15,3.804781801899281e-17
GA,412,13.014366900000029,100.0,100.0,1.5303933229893259e-15,1.3824698949174497e-17
GA,413,13.046213300000028,100.0,100.0,2.2969484609099675e-15,2.4925832845737293e-17
GA,414,13.080040100000028,100.0,100.0,1.4307391500949321e-15,1.216694474535168e-17
GA,415,13.111703800000027,100.0,100.0,1.1283857585579886e-15,9.628830265410489e-18
GA,416,13.144428400000026,100.0,100.0,1.111197560124121e-15,9.41598416621094e-18
GA,417,13.176066300000025,100.0,100.0,1.37571810450158e-15,1.559230900664958e-17
GA,418,13.209308500000025,100.0,100.0,2.8050453180942234e-15,2.5339772204635966e-17
GA,419,13.241905200000025,100.0,100.0,1.192977751096211e-15,1.0612378969858016e-17
GA,420,13.274188200000024,100.0,100.0,1.1282971789989161e-15,9.611687758342882e-18
GA,421,13.307988700000026,100.0,100.0,1.1008308964571336e-15,9.402009958647019e-18
GA,422,13.340230600000025,100.0,100.0,1.128297623476927e-15,9.628301583573052e-18
GA,423,13.374006300000024,100.0,100.0,1.1280514861725074e-15,9.553947714713143e-18
GA,424,13.405288000000025,100.0,100.0,4.509267627255283e-16,4.021514494573693e-18
GA,425,13.436178900000025,100.0,100.0,1.9743747138303508e-16,1.5572283345787918e-18
GA,426,13.469167300000025,100.0,100.0,4.4317436271500617e-16,3.991356178532872e-18
GA,427,13.501574600000025,100.0,100.0,3.582975079074295e-16,3.254868169290021e-18
GA,428,13.531785600000022,100.0,100.0,2.2113769288964042e-16,1.5333441725468292e-18
GA,429,13.561591600000023,100.0,100.0,1.7990353660913233e-16,1.4189352387497368e-18
GA,430,13.593419800000023,100.0,100.0,1.9534677744700733e-16,1.5511604352801374e-18
GA,431,13.624798700000023,100.0,100.0,2.0285027431244736e-16,1.6510795447562502e-18
GA,432,13.656276700000022,100.0,100.0,2.455508925101864e-16,1.948164453058013e-18
GA,433,13.687392600000022,100.0,100.0,2.310887145131121e-16,1.8682743347288625e-18
GA,434,13.719310300000023,100.0,100.0,1.9141684584098468e-16,1.7073331840235328e-18
GA,435,13.751157000000022,100.0,100.0,1.763984870846703e-16,1.2789978142439133e-18
GA,436,13.782583900000022,100.0,100.0,1.9743724493540017e-16,1.5572271119749022e-18
GA,437,13.814420500000024,100.0,100.0,2.429025303886278e-16,1.930009004955279e-18
GA,438,13.845250100000024,100.0,100.0,1.9743724493540017e-16,1.5572271119749022e-18
GA,439,13.876340800000024,100.0,100.0,1.9743724493540017e-16,1.5572271119749022e-18
GA,440,13.909268400000025,100.0,100.0,1.2530763203371641e-16,7.891126861679073e-19
GA,441,13.941820900000023,100.0,100.0,2.1036495134723228e-16,1.6485601016659917e-18
GA,442,13.974220700000023,100.0,100.0,1.8044758321097314e-16,1.4613654447516563e-18
GA,443,14.004671900000025,100.0,100.0,1.9743623095125265e-16,1.5670336399809073e-18
GA,444,14.035030600000022,100.0,100.0,1.1535979177956023e-16,7.355831991571367e-19
GA,445,14.065755200000025,100.0,100.0,1.805206918177158e-16,1.6329989414002739e-18
GA,446,14.096960800000025,100.0,100.0,2.0244518706032275e-16,1.9005488118935117e-18
GA,447,14.127956600000024,100.0,100.0,1.9664153228976637e-16,1.5572049616521034e-18
GA,448,14.160142100000025,100.0,100.0,1.38647220295734e-16,9.197307299207147e-19
GA,449,14.191692600000026,100.0,100.0,2.0328072739894757e-16,1.5532162838375246e-18
GA,450,14.223734200000026,100.0,100.0,1.1569586816901961e-16,7.448926084236449e-19
GA,451,14.254780600000027,100.0,100.0,1.193447583045276e-16,7.769771618076432e-19
GA,452,14.286113000000027,100.0,100.0,1.0903224922858111e-16,7.090724437020943e-19
GA,453,14.317574300000027,100.0,100.0,1.2721879012685765e-16,8.310908418497942e-19
GA,454,14.348562300000028,100.0,100.0,1.1521846490973068e-16,6.920637958224173e-19
GA,455,14.380273100000027,100.0,100.0,1.1934397216216443e-16,7.818316831843769e-19
GA,456,14.411714200000029,100.0,100.0,5.547220489436688e-17,4.1103060318481197e-19
GA,457,14.441904700000029,100.0,100.0,4.4986618618886286e-17,3.29209545313658e-19
GA,458,14.471279500000028,100.0,100.0,5.5232862263375645e-17,3.8074877424080277e-19
GA,459,14.504994600000026,100.0,100.0,4.0128057755413646e-17,3.0595206842461407e-19
GA,460,14.534964700000026,100.0,100.0,5.3741118981150366e-17,3.398067007579746e-19
GA,461,14.567790100000026,100.0,100.0,4.889032016528502e-17,3.123555751835687e-19
GA,462,14.597781700000025,100.0,100.0,2.11358427235551e-17,1.3776572177125583e-19
GA,463,14.628978100000028,100.0,100.0,4.580875767602122e-17,3.8633132613185213e-19
GA,464,14.661106100000028,100.0,100.0,1.0669118864790023e-17,5.817893607501965e-20
GA,465,14.69248910000003,100.0,100.0,2.7068772237013512e-17,2.0397032786669079e-19
GA,466,14.724773500000024,100.0,100.0,1.0672179282586338e-17,5.899930831814363e-20
GA,467,14.757135600000025,100.0,100.0,9.017680361626283e-18,5.850425842955802e-20
GA,468,14.788720000000025,100.0,100.0,5.273857668156149e-18,2.9179946872064984e-20
GA,469,14.821250200000028,100.0,100.0,5.7805299198944886e-18,3.5105014531513586e-20
GA,470,14.851630000000027,100.0,100.0,5.274514702272679e-18,2.9386272936004445e-20
GA,471,14.88327250000003,100.0,100.0,5.281343434381935e-18,3.167448751578132e-20
GA,472,14.914823200000027,100.0,100.0,4.573893187894138e-18,2.2184493297976053e-20
GA,473,14.945904200000028,100.0,100.0,5.8791255204699094e-18,3.590488602723341e-20
GA,474,14.977201300000024,100.0,100.0,9.609361847991854e-18,5.831750273063414e-20
GA,475,15.009116700000027,100.0,100.0,1.0022225252876222e-17,6.58393806099208e-20
GA,476,15.040163700000027,100.0,100.0,6.586412644831053e-18,3.3682041917959544e-20
GA,477,15.071601100000029,100.0,100.0,4.506090651221051e-18,2.932581157252827e-20
GA,478,15.101829900000032,100.0,100.0,4.010868535477878e-18,2.0760534037950884e-20
GA,479,15.133378500000033,100.0,100.0,3.854946804889977e-18,2.6416863989945854e-20
GA,480,15.166284800000033,100.0,100.0,4.461637077912772e-18,2.62989733978608e-20
GA,481,15.197814600000035,100.0,100.0,5.3845045981332645e-18,3.0400521824090017e-20
GA,482,15.230301500000037,100.0,100.0,3.491934785213572e-18,2.094569078335038e-20
GA,483,15.261378800000044,100.0,100.0,2.587915606377228e-18,1.4754298639969692e-20
GA,484,15.29294120000005,100.0,100.0,2.2155667850286486e-18,1.4038839865126063e-20
GA,485,15.325633800000054,100.0,100.0,4.507188301272488e-18,2.9682043501989196e-20
GA,486,15.357045300000058,100.0,100.0,2.213590495470309e-18,1.3484870828384507e-20
GA,487,15.387633600000056,100.0,100.0,2.214639723567634e-18,1.3522052272621355e-20
GA,488,15.419444200000056,100.0,100.0,2.1693643332031626e-18,1.3240397218875556e-20
GA,489,15.451160300000053,100.0,100.0,2.6596401615575553e-18,1.5479117181676273e-20
GA,490,15.483029100000051,100.0,100.0,4.6867851444257615e-18,1.2794818259989098e-20
GA,491,15.514285600000049,100.0,100.0,2.1999632912740874e-18,1.3501787435247056e-20
GA,492,15.54510520000005,100.0,100.0,2.021268023399312e-18,1.1752115017496707e-20
GA,493,15.578863800000049,100.0,100.0,2.2212588668271843e-18,1.6424981782583987e-20
GA,494,15.611601900000052,100.0,100.0,1.907401341448947e-18,1.0321444727561724e-20
GA,495,15.64340930000005,100.0,100.0,2.213659105955455e-18,1.3485292000017121e-20
GA,496,15.676255600000053,100.0,100.0,2.1945299548182156e-18,1.5115001500606935e-20
GA,497,15.708026400000056,100.0,100.0,2.0969769868169165e-18,8.558722611626585e-21
GA,498,15.741455300000053,100.0,100.0,2.025218614158698e-18,1.1906551318605104e-20
GA,499,15.774249400000057,100.0,100.0,2.0366174100343068e-18,1.2985555881370897e-20
GA,500,15.805179200000053,100.0,100.0,2.215007335842029e-18,1.4215956379637916e-20
GA,501,15.83618030000005,100.0,100.0,2.0053882254810476e-18,1.1713058680443235e-20
GA,502,15.867377900000049,100.0,100.0,2.0061016719404296e-18,1.1313094128014718e-20
GA,503,15.899797600000047,100.0,100.0,1.7461350639191552e-18,1.1434261432053697e-20
GA,504,15.931769200000046,100.0,100.0,1.9086272209227136e-18,1.0657608005261704e-20
GA,505,15.964705200000045,100.0,100.0,2.0215910586869737e-18,1.1754284624039438e-20
GA,506,15.997114100000045,100.0,100.0,2.1139484497270795e-18,1.2364899870949224e-20
GA,507,16.028672200000045,100.0,100.0,2.092935841814603e-18,1.3140971532682162e-20
GA,508,16.060073600000045,100.0,100.0,2.0500544501179675e-18,1.2735554054648647e-20
GA,509,16.091901700000044,100.0,100.0,1.2991590857743332e-18,9.150495040472046e-21
GA,510,16.123899000000044,100.0,100.0,1.1059118737387143e-18,9.161671108786639e-21
GA,511,16.156826000000045,100.0,100.0,2.024082586886195e-18,1.2418308057300107e-20
GA,512,16.19019100000004,100.0,100.0,1.3716598573889385e-18,9.834446869099541e-21
GA,513,16.223740700000036,100.0,100.0,1.0574676644474242e-18,7.093365465676615e-21
GA,514,16.256298600000036,100.0,100.0,1.0129068173121517e-18,7.854078790639447e-21
GA,515,16.28837860000003,100.0,100.0,2.021252976367333e-18,1.2036237620612941e-20
GA,516,16.320852400000028,100.0,100.0,8.240279909397061e-19,7.246231749726321e-21
GA,517,16.35351680000003,100.0,100.0,1.1132309808826081e-18,9.480712296249033e-21
GA,518,16.385264500000027,100.0,100.0,1.0104065966995985e-18,8.026282886824198e-21
GA,519,16.41848120000003,100.0,100.0,1.6287815599656645e-18,1.1177142864276565e-20
GA,520,16.449959400000033,100.0,100.0,1.472234503758019e-18,8.330711226884604e-21
GA,521,16.48075070000003,100.0,100.0,9.446080096299641e-19,7.640328053809327e-21
GA,522,16.510806900000034,100.0,100.0,1.1528590650302474e-18,9.950784809050584e-21
GA,523,16.542413900000035,100.0,100.0,1.5768828503834594e-18,1.1270366443855475e-20
GA,524,16.573405200000032,100.0,100.0,9.09904006007208e-19,5.888618457462548e-21
GA,525,16.606434000000036,100.0,100.0,1.2994604905565021e-18,9.258082375852985e-21
GA,526,16.639323300000036,100.0,100.0,7.484641744303002e-19,5.410248752331856e-21
GA,527,16.672412000000037,100.0,100.0,6.777817094227215e-19,5.2725566774755414e-21
GA,528,16.705006400000038,100.0,100.0,6.3891221088332785e-19,5.460804840588424e-21
GA,529,16.737697600000033,100.0,100.0,5.326492088072063e-19,4.967697544744012e-21
GA,530,16.769441600000036,100.0,100.0,8.214623370371779e-19,6.709631761819425e-21
GA,531,16.800326800000036,100.0,100.0,4.531135967706392e-19,4.999277588944883e-21
GA,532,16.831340400000038,100.0,100.0,7.406127949226176e-19,5.445020359952458e-21
GA,533,16.86404860000004,100.0,100.0,5.471371112098007e-19,5.391480456928718e-21
GA,534,16.89528880000004,100.0,100.0,6.177752966515763e-19,8.755421705506031e-21
GA,535,16.926382400000037,100.0,100.0,7.679587023962236e-19,6.126861497159413e-21
GA,536,16.958518900000037,100.0,100.0,5.38484675980152e-19,6.844584634846971e-21
GA,537,16.99092120000003,100.0,100.0,5.338444946718463e-19,5.300041599807289e-21
GA,538,17.023511500000033,100.0,100.0,6.109098259490141e-19,5.218266797003079e-21
GA,539,17.054998000000033,100.0,100.0,5.3354545324752e-19,5.991427561768319e-21
GA,540,17.087552700000032,100.0,100.0,4.8597349843611695e-19,4.761220876881472e-21
GA,541,17.11919240000003,100.0,100.0,4.846064000293532e-19,5.114663596741413e-21
GA,542,17.15186620000003,100.0,100.0,4.3015231197116e-19,3.552665155851696e-21
GA,543,17.181744700000024,100.0,100.0,7.667560567623013e-19,8.134897863126257e-21
GA,544,17.214454100000026,100.0,100.0,4.623256632791739e-19,4.8061912654192656e-21
GA,545,17.244985800000023,100.0,100.0,4.638615410326498e-19,4.6704160493397104e-21
GA,546,17.277546400000027,100.0,100.0,4.1495879828540623e-19,4.51123498487012e-21
GA,547,17.309097200000025,100.0,100.0,5.407552181155064e-19,5.5930958708866384e-21
GA,548,17.341928000000024,100.0,100.0,4.3608041770399545e-19,4.872786637418586e-21
GA,549,17.373449400000027,100.0,100.0,4.382279727243083e-19,3.871489465659973e-21
GA,550,17.405149400000028,100.0,100.0,4.2687298870034995e-19,4.508912071783597e-21
GA,551,17.437480500000028,100.0,100.0,3.6646601329026927e-19,3.713012035373409e-21
GA,552,17.468779600000033,100.0,100.0,4.325490849631598e-19,4.557874725871182e-21
GA,553,17.500297700000033,100.0,100.0,3.272582995205668e-19,3.2721158105739286e-21
GA,554,17.531714400000034,100.0,100.0,2.788539994205936e-19,3.3666197539295016e-21
GA,555,17.562122900000034,100.0,100.0,2.4896141946435183e-19,1.8962914834360942e-21
GA,556,17.595364900000035,100.0,100.0,1.9747752932629075e-19,1.5610686447820915e-21
GA,557,17.62815890000003,100.0,100.0,2.5170499205840933e-19,2.472194353969114e-21
GA,558,17.66128340000003,100.0,100.0,1.9764952990725274e-19,1.499074076691454e-21
GA,559,17.69279610000003,100.0,100.0,3.4956016940913797e-19,2.4064831030749693e-21
GA,560,17.72443080000003,100.0,100.0,9.661888000054907e-20,1.0877669214792835e-21
GA,561,17.75447270000003,100.0,100.0,1.6100498846812284e-19,1.6650261874995379e-21
GA,562,17.786784700000034,100.0,100.0,9.406219142879667e-20,4.382428662631051e-22
GA,563,17.820049700000034,100.0,100.0,3.9355372630050735e-20,3.632551361412733e-22
GA,564,17.85306990000003,100.0,100.0,8.945976661766254e-20,1.0558570252895039e-21
GA,565,17.884091500000032,100.0,100.0,3.7048437034705997e-20,3.4867002038994093e-22
GA,566,17.917418200000036,100.0,100.0,3.7877063048106196e-20,2.640114692218387e-22
GA,567,17.950169400000036,100.0,100.0,3.7536595709101184e-20,3.634777822529022e-22
GA,568,17.982336300000036,100.0,100.0,3.597474018208826e-20,2.5578700618822815e-22
GA,569,18.01477720000004,100.0,100.0,3.790502781810172e-20,2.1878267937350423e-22
GA,570,18.046792500000045,100.0,100.0,3.848450521967844e-20,3.5777679047776173e-22
GA,571,18.07830650000004,100.0,100.0,3.107371061903063e-20,3.0625049216926815e-22
GA,572,18.11034460000004,100.0,100.0,3.970595847003237e-20,2.783383222935893e-22
GA,573,18.141974800000042,100.0,100.0,4.146278413947371e-20,2.8957937849979904e-22
GA,574,18.174264700000045,100.0,100.0,3.1571625294891116e-20,3.0092198332984355e-22
GA,575,18.205729400000045,100.0,100.0,3.7166193142505363e-20,2.3246442548346257e-22
GA,576,18.238135800000045,100.0,100.0,3.4676479022339e-20,2.6212912518248327e-22
GA,577,18.269831700000047,100.0,100.0,3.55211284300664e-20,3.2857781052601956e-22
GA,578,18.302694200000047,100.0,100.0,3.818012538726712e-20,2.5732188477542765e-22
GA,579,18.335401600000047,100.0,100.0,3.3302592706162487e-20,2.3794718431885263e-22
GA,580,18.369196100000046,100.0,100.0,3.598998242537343e-20,2.6195961622801107e-22
GA,581,18.401511500000048,100.0,100.0,3.905612533623395e-20,3.865860123164029e-22
GA,582,18.43429560000005,100.0,100.0,3.5210724879161384e-20,2.5858781062762417e-22
GA,583,18.46693880000005,100.0,100.0,3.2054579983500046e-20,2.708442295836522e-22
GA,584,18.49789270000005,100.0,100.0,3.1496487100731166e-20,2.592964702641362e-22
GA,585,18.529294900000053,100.0,100.0,3.1040618170621095e-20,2.5456813678857943e-22
GA,586,18.560449600000048,100.0,100.0,3.5514586649788053e-20,3.1428266613957543e-22
GA,587,18.591736700000048,100.0,100.0,2.1206307611976885e-20,1.3991816331833756e-22
GA,588,18.62267970000005,100.0,100.0,2.006076671876178e-20,1.2835713960905664e-22
GA,589,18.65251970000005,100.0,100.0,1.9536994571482945e-20,1.5112197794536597e-22
GA,590,18.684736200000046,100.0,100.0,1.7374339777846335e-20,1.285212964783796e-22
GA,591,18.71606910000004,100.0,100.0,1.7374769160109144e-20,1.2852129731581608e-22
GA,592,18.74827960000004,100.0,100.0,1.897692860855171e-20,1.5652289336970802e-22
GA,593,18.779152200000034,100.0,100.0,1.6933130978252676e-20,1.1794163222114746e-22
GA,594,18.812379500000034,100.0,100.0,1.0558974550495063e-20,8.004652403769194e-23
GA,595,18.84488540000003,100.0,100.0,9.33406583911101e-21,6.74456329764445e-23
GA,596,18.877129600000032,100.0,100.0,9.830658264766049e-21,7.52724564965309e-23
GA,597,18.908574300000033,100.0,100.0,9.50891132301719e-21,6.762649823389504e-23
GA,598,18.940183800000028,100.0,100.0,1.2934327118119834e-20,9.096210223981209e-23
GA,599,18.970651200000034,100.0,100.0,9.548035983982729e-21,7.350543087916603e-23
GA,600,19.002465600000036,100.0,100.0,9.535073534137411e-21,7.281016768433807e-23
